{
  "threshold_auto": 8.769511,
  "threshold_p95": 8.053712,
  "threshold_p99": 9.678653,
  "mu": 6.579833,
  "sigma": 1.094839,
  "train_scores": [
    5.778616,
    7.30808,
    12.469452,
    6.332892,
    6.211394,
    7.123428,
    6.444522,
    5.779753,
    6.616096,
    6.372309,
    5.426414,
    5.401868,
    6.391325,
    5.543546,
    5.657311,
    6.041009,
    5.593746,
    6.4164,
    6.82068,
    5.979576,
    5.427763,
    6.106589,
    7.336354,
    8.679853,
    6.739957,
    7.46523,
    7.512302,
    6.042497,
    6.968441,
    5.898387,
    6.481526,
    6.923085,
    5.73129,
    7.138789,
    5.468242,
    7.185672,
    5.688385,
    7.734642,
    5.324476,
    6.919796,
    8.031477,
    6.565786,
    6.096216,
    6.123619,
    5.842812,
    8.476171,
    7.481102,
    6.239054,
    6.025316,
    7.519961,
    6.067425,
    8.936795,
    7.427566,
    5.413669,
    7.220922,
    7.416344,
    5.056355,
    5.932633,
    5.779305,
    6.381851,
    6.042937,
    7.113205,
    5.611353,
    5.551065,
    6.644709,
    6.864495,
    7.097148,
    7.931699,
    6.029666,
    5.707742,
    5.511055,
    6.740155,
    5.134449,
    7.528673,
    8.002394,
    6.551767,
    6.981768,
    7.379229,
    5.893119,
    5.553903
  ]
}