{
  "threshold_auto": 8.093708,
  "threshold_p95": 7.536008,
  "threshold_p99": 8.310147,
  "mu": 6.196967,
  "sigma": 0.948371,
  "train_scores": [
    6.152922,
    6.848381,
    10.141274,
    5.993528,
    6.31274,
    6.712764,
    5.750901,
    5.024895,
    5.933666,
    5.266768,
    5.269533,
    5.62612,
    6.383152,
    5.681952,
    4.678209,
    5.983973,
    5.431369,
    6.114959,
    6.758898,
    5.306463,
    5.53754,
    5.888331,
    6.362294,
    7.533706,
    6.83669,
    6.821511,
    6.480714,
    5.921085,
    7.459052,
    6.267801,
    6.373799,
    7.342107,
    6.5043,
    5.720954,
    4.733991,
    7.102299,
    6.297017,
    7.823391,
    4.877024,
    7.492454,
    7.21582,
    7.379318,
    5.164187,
    6.536364,
    4.811284,
    6.772244,
    6.695239,
    6.286741,
    4.892048,
    6.285434,
    5.398303,
    7.579757,
    6.669262,
    5.020926,
    6.576045,
    7.439015,
    5.21022,
    5.539119,
    5.838269,
    5.393715,
    5.540458,
    6.535699,
    5.224082,
    4.981808,
    6.208512,
    5.67705,
    7.139373,
    7.694129,
    6.340752,
    6.042992,
    5.754017,
    7.255394,
    4.372386,
    7.009475,
    7.176785,
    5.810785,
    5.480672,
    7.11889,
    5.487546,
    5.454737
  ]
}