{
  "threshold_auto": 5.094081,
  "threshold_p95": 4.919323,
  "threshold_p99": 5.472286,
  "mu": 3.784576,
  "sigma": 0.654753,
  "train_scores": [
    3.893405,
    4.315808,
    4.328339,
    3.480321,
    3.122377,
    3.964516,
    3.495766,
    2.801947,
    3.167171,
    2.495325,
    3.305433,
    3.120764,
    3.320808,
    4.912971,
    3.494775,
    4.478867,
    3.375559,
    3.713189,
    5.039995,
    3.954643,
    3.504837,
    3.997522,
    3.349344,
    3.635762,
    5.31144,
    3.424398,
    4.199556,
    3.316542,
    3.344683,
    4.696687,
    4.271083,
    3.278561,
    4.170596,
    2.688909,
    3.408499,
    3.677257,
    4.055055,
    3.385466,
    3.337618,
    5.385248,
    4.339293,
    4.255552,
    3.317904,
    4.178464,
    2.602226,
    4.453454,
    4.038279,
    3.820729,
    3.248805,
    3.076821,
    3.466529,
    3.849437,
    3.574236,
    3.254904,
    4.46215,
    3.755824,
    4.051961,
    3.331292,
    3.801411,
    3.242308,
    3.638095,
    4.498969,
    3.785359,
    3.085699,
    4.709838,
    3.364744,
    2.504818,
    3.782088,
    3.66746,
    3.647038,
    4.241734,
    4.787666,
    2.951291,
    3.748597,
    3.930071,
    5.799714,
    3.357661,
    4.588148,
    4.072585,
    4.261868
  ]
}