{
  "threshold_auto": 8.578311,
  "threshold_p95": 8.226908,
  "threshold_p99": 9.481996,
  "mu": 6.438155,
  "sigma": 1.070078,
  "train_scores": [
    5.694387,
    7.109983,
    12.399078,
    6.530015,
    6.3577,
    6.674914,
    6.395124,
    5.650027,
    6.081738,
    6.406865,
    5.5104,
    5.163185,
    6.247508,
    5.444652,
    5.629501,
    5.523468,
    5.515415,
    6.630567,
    6.437385,
    5.954261,
    5.192277,
    5.9203,
    6.786891,
    8.706569,
    6.694833,
    7.139123,
    7.219638,
    5.854859,
    6.63813,
    5.661911,
    6.073364,
    6.801501,
    5.667771,
    7.318422,
    5.26515,
    6.533921,
    5.713737,
    7.775023,
    5.353697,
    6.892028,
    8.209454,
    6.446028,
    5.945744,
    6.151804,
    5.776474,
    8.558552,
    6.888336,
    6.283648,
    5.907554,
    7.186964,
    5.750975,
    8.653107,
    7.384979,
    5.491833,
    6.692004,
    7.061895,
    5.044923,
    6.069152,
    5.808624,
    6.031209,
    5.857131,
    7.041876,
    5.631181,
    5.511811,
    6.471671,
    6.709964,
    6.939881,
    7.753743,
    5.946671,
    5.659109,
    5.799962,
    6.758415,
    5.121868,
    6.952884,
    7.798984,
    6.051721,
    6.70555,
    7.089671,
    5.659366,
    5.682394
  ]
}