{
  "threshold_auto": 3.213388,
  "mu": 2.607202,
  "sigma": 0.202062,
  "train_scores": [
    2.327119,
    2.770434,
    2.636966,
    2.480388,
    2.50935,
    2.669837,
    2.37317,
    2.492503,
    2.565796,
    2.35544,
    2.286426,
    2.407102,
    2.406305,
    2.583598,
    2.580473,
    2.803809,
    2.268468,
    2.47019,
    2.679431,
    2.517219,
    2.560481,
    2.776268,
    2.600568,
    2.6038,
    2.780526,
    2.369514,
    2.798117,
    2.526695,
    2.575011,
    3.342919,
    2.687181,
    2.442482,
    2.877496,
    2.450679,
    2.564043,
    2.659099,
    2.518588,
    2.681522,
    2.556723,
    2.666133,
    2.852941,
    2.507699,
    2.740614,
    2.670474,
    2.397449,
    2.681451,
    3.10172,
    2.36327,
    2.504617,
    2.61037,
    2.436082,
    2.820916,
    2.812814,
    2.533012,
    2.755139,
    2.957753,
    2.639594,
    2.50643,
    2.693933,
    2.402528,
    2.599305,
    3.137462,
    2.450653,
    2.402814,
    2.620288,
    2.538372,
    2.41078,
    2.726816,
    2.260528,
    2.455062,
    2.580701,
    2.784509,
    2.516543,
    2.635698,
    2.820568,
    3.116287,
    2.606056,
    2.668391,
    2.393841,
    2.640781
  ]
}