{
  "threshold_auto": 7.546275,
  "threshold_p95": 7.263209,
  "threshold_p99": 10.125514,
  "mu": 5.287078,
  "sigma": 1.129599,
  "train_scores": [
    4.952555,
    5.339417,
    10.184012,
    4.668723,
    4.979266,
    5.540883,
    4.399086,
    4.280444,
    6.078974,
    4.439206,
    3.98197,
    3.997298,
    6.077038,
    5.022023,
    4.328731,
    4.3056,
    4.379498,
    5.33712,
    4.903096,
    4.80361,
    3.96502,
    5.141107,
    5.368649,
    5.440764,
    4.941997,
    5.263525,
    10.109964,
    5.060135,
    7.259713,
    4.651132,
    5.125646,
    5.88352,
    4.732096,
    5.735779,
    3.78114,
    5.924661,
    5.328086,
    6.258581,
    3.975722,
    6.292569,
    5.760339,
    5.380678,
    5.371312,
    5.211966,
    4.618683,
    7.329645,
    6.097924,
    5.55255,
    5.103063,
    4.877501,
    4.196714,
    5.924359,
    6.442147,
    4.211505,
    5.169412,
    5.807523,
    4.544039,
    4.619569,
    4.908603,
    4.438169,
    4.749422,
    6.271636,
    5.276382,
    4.02746,
    4.90824,
    5.868031,
    5.37769,
    6.005578,
    4.855843,
    4.392777,
    4.239324,
    6.151143,
    4.35876,
    7.482062,
    6.581383,
    4.425401,
    4.792332,
    6.221075,
    4.269175,
    4.908407
  ]
}