{
  "threshold_auto": 5.256065,
  "threshold_p95": 4.850936,
  "threshold_p99": 6.449345,
  "mu": 3.84118,
  "sigma": 0.707443,
  "train_scores": [
    3.539214,
    4.683853,
    3.515621,
    3.445811,
    3.535961,
    4.505004,
    2.765472,
    3.709349,
    2.715634,
    2.838034,
    2.686162,
    3.302736,
    3.147863,
    4.848088,
    4.106698,
    3.603288,
    3.035895,
    4.537764,
    4.327217,
    3.701338,
    4.735805,
    4.695088,
    3.327929,
    4.412197,
    4.310249,
    3.480595,
    3.75238,
    3.138612,
    3.22517,
    4.249683,
    3.672243,
    3.382525,
    5.138462,
    3.403696,
    3.704148,
    3.407717,
    4.270344,
    4.351714,
    3.632694,
    6.625218,
    4.179191,
    4.338197,
    3.274265,
    4.008655,
    3.063287,
    3.478068,
    3.323337,
    3.377218,
    3.235183,
    4.053177,
    3.454846,
    3.316173,
    3.171521,
    3.615132,
    3.740189,
    3.961697,
    4.424421,
    4.101295,
    4.210093,
    3.346629,
    3.479525,
    6.402594,
    4.276628,
    3.615947,
    4.905057,
    3.569349,
    3.423073,
    3.770457,
    3.342133,
    3.137277,
    4.231312,
    4.723251,
    3.015073,
    3.7432,
    4.448442,
    4.240628,
    3.978198,
    4.420219,
    3.489804,
    3.942205
  ]
}