{
  "threshold_auto": 8.482132,
  "threshold_p95": 8.177074,
  "threshold_p99": 8.822982,
  "mu": 6.384883,
  "sigma": 1.048624,
  "train_scores": [
    7.090329,
    7.401965,
    9.622054,
    5.988204,
    6.468714,
    6.90213,
    5.568769,
    4.914343,
    5.712481,
    5.043826,
    5.442693,
    5.980752,
    7.156984,
    6.201248,
    4.69321,
    5.761068,
    5.851021,
    6.766591,
    6.919395,
    5.417029,
    5.885231,
    6.193778,
    5.994946,
    7.492912,
    7.580914,
    6.783808,
    6.325886,
    6.286986,
    8.610571,
    6.417041,
    5.879494,
    8.485009,
    7.085944,
    5.768585,
    4.687413,
    7.32749,
    6.309313,
    7.851149,
    5.164271,
    7.201482,
    7.802218,
    8.450482,
    5.405647,
    7.697045,
    4.785419,
    6.34817,
    6.059386,
    6.253087,
    4.749126,
    6.100089,
    5.704508,
    6.998048,
    6.937803,
    5.050648,
    6.295675,
    8.06801,
    5.49128,
    6.126634,
    6.482811,
    5.58186,
    5.875766,
    6.985903,
    5.614989,
    5.259687,
    6.927421,
    5.5851,
    7.271822,
    7.72157,
    5.952758,
    6.460142,
    5.914371,
    8.162684,
    4.441957,
    7.317438,
    7.243709,
    5.954343,
    5.213276,
    7.37072,
    5.500194,
    5.393883
  ]
}