{
  "threshold_auto": 3.3273,
  "mu": 2.620242,
  "sigma": 0.235686,
  "train_scores": [
    2.441693,
    2.794032,
    2.939001,
    2.488975,
    2.537302,
    2.773324,
    2.459542,
    2.388881,
    2.557324,
    2.253931,
    2.311892,
    2.30288,
    2.544307,
    2.754928,
    2.40908,
    2.831325,
    2.281052,
    2.611651,
    2.849202,
    2.529684,
    2.71504,
    2.821253,
    2.508844,
    2.492183,
    2.825913,
    2.369223,
    2.645253,
    2.505413,
    2.661728,
    3.23967,
    2.556859,
    2.673933,
    2.73449,
    2.445052,
    2.412907,
    2.715025,
    2.504402,
    2.716491,
    2.544162,
    2.784445,
    3.18886,
    2.52076,
    2.565246,
    3.154415,
    2.275814,
    2.792381,
    3.335434,
    2.508837,
    2.469693,
    2.645286,
    2.528992,
    2.897342,
    2.763832,
    2.513067,
    2.721901,
    2.878199,
    2.567348,
    2.35204,
    2.605674,
    2.367908,
    2.69035,
    3.068566,
    2.569147,
    2.42368,
    2.68305,
    2.409906,
    2.450944,
    2.672144,
    2.192338,
    2.420418,
    2.545568,
    2.7771,
    2.30267,
    2.78092,
    2.943181,
    3.06608,
    2.421813,
    2.63696,
    2.46746,
    2.511761
  ]
}