{
  "threshold_auto": 3.605987,
  "mu": 2.874815,
  "sigma": 0.243724,
  "train_scores": [
    2.699469,
    2.878575,
    3.013856,
    2.724406,
    2.664857,
    2.912687,
    2.664462,
    2.702071,
    2.927555,
    2.631709,
    2.504866,
    2.483519,
    2.813235,
    2.980855,
    2.72832,
    2.962865,
    2.496693,
    2.743518,
    2.913211,
    2.732501,
    2.885776,
    3.172717,
    2.755947,
    2.777171,
    3.12396,
    2.595993,
    3.247475,
    2.697266,
    2.717444,
    3.48594,
    2.987656,
    2.696506,
    3.198578,
    2.772374,
    2.779776,
    2.89496,
    2.717412,
    3.098192,
    2.754164,
    3.231714,
    3.287454,
    2.806407,
    3.023935,
    3.092491,
    2.518348,
    2.987638,
    3.418926,
    2.824203,
    2.944826,
    2.81921,
    2.679785,
    3.188671,
    3.228846,
    2.857403,
    2.936909,
    3.043731,
    2.717621,
    2.682962,
    2.783395,
    2.572637,
    2.870745,
    3.532268,
    2.742671,
    2.550431,
    2.911857,
    2.82889,
    2.66594,
    3.041341,
    2.50413,
    2.719487,
    2.628346,
    3.255771,
    2.779028,
    3.027669,
    3.150383,
    3.434658,
    2.703009,
    2.930246,
    2.547714,
    2.974985
  ]
}