{
  "threshold_auto": 3.395767,
  "mu": 2.672857,
  "sigma": 0.24097,
  "train_scores": [
    2.468761,
    2.862451,
    2.884066,
    2.572181,
    2.503946,
    3.086347,
    2.672358,
    2.509327,
    2.704673,
    2.308495,
    2.300792,
    2.309173,
    2.557839,
    3.015903,
    2.553965,
    2.884128,
    2.295615,
    2.822114,
    3.033224,
    2.591,
    2.664422,
    3.051782,
    2.623349,
    2.52422,
    2.870158,
    2.269147,
    2.744322,
    2.484754,
    2.642195,
    3.459399,
    2.760098,
    2.494661,
    2.801184,
    2.552238,
    2.510758,
    2.814213,
    2.559334,
    2.66806,
    2.609984,
    2.783033,
    3.06501,
    2.678874,
    2.682807,
    2.892219,
    2.325455,
    2.781051,
    3.180159,
    2.594388,
    2.558193,
    2.646659,
    2.463407,
    2.892773,
    2.876723,
    2.598494,
    2.778884,
    2.911587,
    2.608186,
    2.472675,
    2.804744,
    2.338638,
    2.652742,
    3.076118,
    2.576174,
    2.352088,
    2.590011,
    2.428741,
    2.472889,
    2.896176,
    2.343021,
    2.410259,
    2.48053,
    2.859202,
    2.468524,
    2.852666,
    2.774513,
    3.259887,
    2.620649,
    2.615976,
    2.451921,
    2.671875
  ]
}