{
  "threshold_auto": 3.083083,
  "threshold_p95": 2.910873,
  "threshold_p99": 3.570268,
  "mu": 2.387202,
  "sigma": 0.34794,
  "train_scores": [
    2.204911,
    2.379778,
    2.150045,
    2.180981,
    2.349687,
    2.594076,
    2.029322,
    2.141208,
    2.077518,
    1.905497,
    2.070847,
    1.970545,
    2.260771,
    2.454395,
    2.26065,
    2.458614,
    2.030547,
    2.428358,
    2.456441,
    2.187034,
    2.831995,
    2.635038,
    2.184103,
    2.465417,
    2.529363,
    2.223536,
    2.185515,
    2.237499,
    2.18626,
    2.497726,
    2.457259,
    2.055147,
    3.212374,
    2.109289,
    2.017642,
    2.301539,
    2.807132,
    2.835951,
    2.240834,
    3.797138,
    2.795766,
    2.722453,
    2.165691,
    2.788108,
    1.980715,
    2.296507,
    2.244897,
    2.588608,
    1.959292,
    2.323905,
    2.26393,
    2.15953,
    2.172615,
    2.199853,
    2.421174,
    2.205654,
    2.413286,
    2.436672,
    2.609071,
    2.111797,
    2.268617,
    3.509961,
    2.486616,
    2.128394,
    2.875846,
    2.021638,
    2.289225,
    2.899804,
    2.1951,
    2.151048,
    2.460654,
    3.121182,
    2.045054,
    2.327637,
    2.773291,
    2.777676,
    2.173494,
    2.723722,
    2.116993,
    2.368721
  ]
}