{
  "threshold_auto": 3.20989,
  "mu": 2.363688,
  "sigma": 0.282067,
  "train_scores": [
    2.239884,
    2.361776,
    1.988447,
    2.283249,
    2.185549,
    2.662866,
    1.882193,
    2.206802,
    2.024301,
    1.941896,
    2.113449,
    2.089818,
    2.379689,
    2.761721,
    2.265,
    2.473962,
    2.027695,
    2.52135,
    2.39736,
    2.364043,
    2.92162,
    2.594323,
    2.200857,
    2.334283,
    2.739239,
    2.219121,
    2.338641,
    2.276726,
    2.39396,
    2.413028,
    2.431904,
    2.105494,
    2.773123,
    2.130797,
    2.142236,
    2.180882,
    2.269644,
    2.546649,
    2.390153,
    3.322892,
    2.679006,
    2.349269,
    2.164472,
    2.499712,
    2.127921,
    2.218301,
    2.270515,
    2.178159,
    1.949685,
    2.324678,
    2.498931,
    2.360814,
    2.112022,
    2.238569,
    2.253047,
    2.332395,
    2.524185,
    2.552894,
    2.735645,
    2.121001,
    2.159456,
    3.107432,
    2.918605,
    2.367203,
    2.61727,
    2.18906,
    2.045509,
    2.741609,
    2.061396,
    2.160662,
    2.689264,
    3.019543,
    2.056022,
    2.361861,
    2.618088,
    2.635385,
    2.15916,
    2.447013,
    2.111751,
    2.24091
  ]
}