{
  "threshold_auto": 3.217985,
  "mu": 2.546673,
  "sigma": 0.223771,
  "train_scores": [
    2.394874,
    2.719825,
    2.862903,
    2.487749,
    2.467673,
    2.700699,
    2.319554,
    2.386573,
    2.392614,
    2.18443,
    2.307536,
    2.316223,
    2.572741,
    2.642612,
    2.503158,
    2.801314,
    2.169731,
    2.416004,
    2.770895,
    2.449422,
    2.438927,
    2.804329,
    2.521443,
    2.402888,
    2.7307,
    2.208369,
    2.589632,
    2.405839,
    2.527673,
    3.098794,
    2.629593,
    2.316677,
    2.821605,
    2.363631,
    2.472445,
    2.832275,
    2.3984,
    2.595518,
    2.302004,
    2.553387,
    3.035125,
    2.495552,
    2.509647,
    2.701261,
    2.257294,
    2.571768,
    2.921559,
    2.324517,
    2.381407,
    2.561674,
    2.364437,
    2.821321,
    2.742884,
    2.504904,
    2.723582,
    2.791437,
    2.454403,
    2.26486,
    2.47301,
    2.267794,
    2.558427,
    3.060976,
    2.405047,
    2.331835,
    2.665573,
    2.463185,
    2.391696,
    2.804733,
    2.18759,
    2.473131,
    2.494447,
    2.771988,
    2.460457,
    2.699575,
    2.906669,
    3.163564,
    2.467878,
    2.542644,
    2.303107,
    2.532179
  ]
}