{
  "threshold_auto": 8.328832,
  "threshold_p95": 7.845326,
  "threshold_p99": 9.083863,
  "mu": 6.288041,
  "sigma": 1.020395,
  "train_scores": [
    5.378067,
    6.728498,
    12.031574,
    6.224806,
    6.293138,
    6.720112,
    6.153299,
    5.378841,
    6.11719,
    5.885819,
    5.255924,
    5.150104,
    6.086545,
    5.079997,
    5.255668,
    5.688218,
    5.533906,
    6.066433,
    6.383822,
    5.969555,
    5.384059,
    6.024917,
    6.546235,
    7.875791,
    6.750556,
    7.066017,
    7.014566,
    6.359376,
    6.999595,
    5.701109,
    6.165546,
    6.693283,
    5.884892,
    7.258892,
    5.243435,
    6.835507,
    6.310408,
    7.049059,
    5.01586,
    6.874352,
    7.532279,
    6.590899,
    5.616356,
    6.134519,
    5.38239,
    7.954441,
    7.025806,
    6.487856,
    5.708002,
    7.423961,
    5.768365,
    8.300294,
    6.752445,
    5.132523,
    6.599145,
    6.786588,
    5.086936,
    5.606415,
    5.141694,
    6.036126,
    5.439806,
    7.242099,
    5.629675,
    5.43252,
    5.936904,
    6.434882,
    6.419808,
    7.390712,
    6.099558,
    5.42124,
    5.359797,
    6.958259,
    4.792865,
    6.784115,
    7.843722,
    5.687234,
    6.538517,
    6.805252,
    5.520409,
    5.803927
  ]
}