{
  "threshold_auto": 3.113499,
  "threshold_p95": 3.079516,
  "threshold_p99": 3.524452,
  "mu": 2.409859,
  "sigma": 0.35182,
  "train_scores": [
    2.315051,
    2.274848,
    2.124486,
    2.125842,
    2.140143,
    2.501224,
    2.19487,
    2.298842,
    2.184581,
    1.947227,
    2.125544,
    2.043449,
    2.335751,
    3.076325,
    2.357553,
    2.582263,
    2.037424,
    2.351334,
    2.35478,
    2.136805,
    3.145883,
    2.468789,
    2.299969,
    2.436037,
    2.699765,
    2.38321,
    2.225018,
    2.275904,
    2.300008,
    2.527191,
    2.384232,
    2.293771,
    3.140145,
    2.091179,
    2.304493,
    2.223217,
    2.652488,
    2.926137,
    2.354952,
    4.082459,
    2.78673,
    2.451602,
    2.187087,
    2.786537,
    2.073013,
    2.342084,
    2.107957,
    2.204304,
    2.087135,
    2.165886,
    2.41094,
    2.17676,
    2.214239,
    2.219198,
    2.426314,
    2.149499,
    2.539872,
    2.321324,
    2.376644,
    2.15696,
    2.337712,
    3.376121,
    2.829338,
    2.258446,
    2.777162,
    2.129912,
    2.119971,
    2.901449,
    1.998146,
    2.370816,
    2.65396,
    3.072586,
    2.149079,
    2.382678,
    2.457092,
    2.769107,
    2.24289,
    2.558566,
    2.106749,
    2.3897
  ]
}